product	メディテーションオードパルファム
product	キモノ ユイ オードトワレ
product	レプリカ オードトワレ レイジーサンデー モーニング
product	フェイシャル トリートメント セラム
product	ジェノプティクス CC プライマー
product	スキンクリア クレンズ オイル アロマ…
product	デンティス
product	NONIO舌専用クリーニングジェル
product	コンクールF
product	クリーミータッチライナー
product	ヴォワールコレクチュールｎ
brand	アユーラ
brand	コスメデコルテ
brand	SK-II
brand	アテニア
brand	NONIO
brand	ウエルテック
brand	キャンメイク
brand	クレ・ド・ポー ボーテ
product	先週
product	先々週
product	次へ
product	ショッピングサイトへ
product	スキンクリア クレンズ オイル アロマタイプ リフレシングシトラスの香り
product	D-UVシールド トーンアップ
product	フェイシャル トリートメント エッセンス
product	レチノパワー リンクルクリーム ba
product	マイルドクレンジング オイル
product	ザ・タイムR アクア e
product	パーフェクトＵＶ スキンケアジェル ＮＢ
brand	クチコミの多いブランド
brand	アクセスの多いブランド
brand	アテニアからのお知らせがあります
brand	アスタリフト
brand	エリクシール
brand	エリクシールからのお知らせがあります
brand	ファンケル
brand	ファンケルからのお知らせがあります
brand	イプサ
brand	アネッサ
brand	ample monster
brand	Straine
brand	Straineからのお知らせがあります
brand	雪肌精 BLUE
brand	EIOM
brand	CHARDE
brand	もっとみる
brand	rom&nd
brand	クラプロックス
brand	スノービューティー
brand	DEAR DAHLIA
brand	COSRX(コスアールエックス)
brand	Yunth
brand	Yunthからのお知らせがあります
brand	Jo Malone London(ジョー マローン ロンドン)
brand	SUQQU(スック)
brand	SUQQU(スック)からのお知らせがあります
brand	DEW
brand	DEWからのお知らせがあります
brand	ザ・コラーゲン
brand	雪肌精
brand	雪肌精からのお知らせがあります
brand	MEDICUBE(メディキューブ)
brand	MEDICUBE(メディキューブ)からのお知らせがあります
brand	LOA
brand	LOAからのお知らせがあります
brand	d'Alba(ダルバ)
brand	d'Alba(ダルバ)からのお知らせがあります
